{"cameraMode":{"drawMode":0,"name":"Shaded","section":"Shading Mode"},"sceneLighting":true,"audioPlay":false,"sceneViewState":{"showFog":false,"showMaterialUpdate":false,"showSkybox":false,"showFlares":false,"showImageEffects":false,"showParticleSystems":false},"in2DMode":false,"pivot":{"x":-6.332636833190918,"y":1.545623779296875,"z":18.530494689941408},"rotation":{"x":-0.08644916117191315,"y":0.9058148264884949,"z":-0.34872952103614809,"w":-0.22455020248889924},"size":11.714654922485352,"orthographic":true}