{"cameraMode":{"drawMode":0,"name":"Shaded","section":"Shading Mode"},"sceneLighting":true,"audioPlay":false,"sceneViewState":{"showFog":false,"showMaterialUpdate":false,"showSkybox":false,"showFlares":false,"showImageEffects":false,"showParticleSystems":false},"in2DMode":false,"pivot":{"x":1024.9000244140625,"y":-323.9999694824219,"z":0.0},"rotation":{"x":0.09224025160074234,"y":-0.023895250633358957,"z":0.0022139570210129024,"w":0.9954493641853333},"size":1669.1192626953125,"orthographic":false}