{"cameraMode":{"drawMode":0,"name":"Shaded","section":"Shading Mode"},"sceneLighting":true,"audioPlay":false,"sceneViewState":{"showFog":false,"showMaterialUpdate":false,"showSkybox":false,"showFlares":false,"showImageEffects":false,"showParticleSystems":false},"in2DMode":false,"pivot":{"x":-6.213108062744141,"y":2.8104400634765627,"z":-6.001189231872559},"rotation":{"x":-0.13991402089595796,"y":0.8548072576522827,"z":-0.2979317605495453,"w":-0.40124422311782839},"size":35.7027702331543,"orthographic":false}