{"cameraMode":{"drawMode":0,"name":"Shaded","section":"Shading Mode"},"sceneLighting":true,"audioPlay":false,"sceneViewState":{"showFog":false,"showMaterialUpdate":false,"showSkybox":false,"showFlares":false,"showImageEffects":false,"showParticleSystems":false},"in2DMode":false,"pivot":{"x":-6.959698677062988,"y":-0.38332176208496096,"z":-5.353567123413086},"rotation":{"x":0.1772221475839615,"y":-0.8095887303352356,"z":0.4682798981666565,"w":0.30639365315437319},"size":34.25460433959961,"orthographic":false}
