{"cameraMode":{"drawMode":0,"name":"Shaded","section":"Shading Mode"},"sceneLighting":true,"audioPlay":false,"sceneViewState":{"showFog":false,"showMaterialUpdate":false,"showSkybox":false,"showFlares":false,"showImageEffects":false,"showParticleSystems":false},"in2DMode":false,"pivot":{"x":87.03125,"y":78.88678741455078,"z":59.00432586669922},"rotation":{"x":0.1036122739315033,"y":-0.8053967356681824,"z":0.14780616760253907,"w":0.5645846724510193},"size":417.14044189453127,"orthographic":false}