{"cameraMode":{"drawMode":0,"name":"Shaded","section":"Shading Mode"},"sceneLighting":false,"audioPlay":false,"sceneViewState":{"showFog":false,"showMaterialUpdate":false,"showSkybox":false,"showFlares":false,"showImageEffects":false,"showParticleSystems":false},"in2DMode":false,"pivot":{"x":-11.440064430236817,"y":-6.7569379806518559,"z":-14.479400634765625},"rotation":{"x":0.09367896616458893,"y":-0.9020761251449585,"z":0.24820126593112946,"w":0.34047022461891177},"size":44.167640686035159,"orthographic":false}