{"cameraMode":{"drawMode":0,"name":"Shaded","section":"Shading Mode"},"sceneLighting":true,"audioPlay":false,"sceneViewState":{"showFog":false,"showMaterialUpdate":false,"showSkybox":false,"showFlares":false,"showImageEffects":false,"showParticleSystems":false},"in2DMode":false,"pivot":{"x":-31.403011322021486,"y":-1.6274681091308594,"z":-20.420909881591798},"rotation":{"x":-0.11671179533004761,"y":0.8127009272575378,"z":-0.1744934320449829,"w":-0.543558657169342},"size":109.26702880859375,"orthographic":false}