{"cameraMode":{"drawMode":0,"name":"Shaded","section":"Shading Mode"},"sceneLighting":true,"audioPlay":false,"sceneViewState":{"showFog":false,"showMaterialUpdate":false,"showSkybox":false,"showFlares":false,"showImageEffects":false,"showParticleSystems":false},"in2DMode":false,"pivot":{"x":154.7141571044922,"y":36.52334976196289,"z":-11.361244201660157},"rotation":{"x":0.04064434394240379,"y":-0.9580862522125244,"z":0.17374667525291444,"w":0.22412319481372834},"size":90.59967803955078,"orthographic":false}