{"cameraMode":{"drawMode":0,"name":"Shaded","section":"Shading Mode"},"sceneLighting":false,"audioPlay":false,"sceneViewState":{"showFog":false,"showMaterialUpdate":false,"showSkybox":false,"showFlares":false,"showImageEffects":false,"showParticleSystems":false},"in2DMode":false,"pivot":{"x":2.0588788986206056,"y":5.8587799072265629,"z":1.0356645584106446},"rotation":{"x":0.09520947188138962,"y":-0.89557284116745,"z":0.23201976716518403,"w":0.36749938130378725},"size":21.355770111083986,"orthographic":false}