{"cameraMode":{"drawMode":0,"name":"Shaded","section":"Shading Mode"},"sceneLighting":true,"audioPlay":false,"sceneViewState":{"showFog":false,"showMaterialUpdate":false,"showSkybox":false,"showFlares":false,"showImageEffects":false,"showParticleSystems":false},"in2DMode":false,"pivot":{"x":-6.468448162078857,"y":-3.3064804077148439,"z":-5.434802055358887},"rotation":{"x":-0.2013646811246872,"y":0.7895374298095703,"z":-0.4716637134552002,"w":-0.33707329630851748},"size":21.211923599243165,"orthographic":false}