{"cameraMode":{"drawMode":0,"name":"Shaded","section":"Shading Mode"},"sceneLighting":false,"audioPlay":false,"sceneViewState":{"showFog":false,"showMaterialUpdate":false,"showSkybox":false,"showFlares":false,"showImageEffects":false,"showParticleSystems":false},"in2DMode":false,"pivot":{"x":-11.440064430236817,"y":-6.7569379806518559,"z":-14.479400634765625},"rotation":{"x":0.10841009765863419,"y":-0.8913768529891968,"z":0.32184746861457827,"w":0.30024734139442446},"size":37.71916961669922,"orthographic":false}