{"cameraMode":{"drawMode":0,"name":"Shaded","section":"Shading Mode"},"sceneLighting":true,"audioPlay":false,"sceneViewState":{"showFog":false,"showMaterialUpdate":false,"showSkybox":false,"showFlares":false,"showImageEffects":false,"showParticleSystems":false},"in2DMode":false,"pivot":{"x":60.240013122558597,"y":59.942726135253909,"z":58.92753219604492},"rotation":{"x":0.10992269963026047,"y":-0.8889451026916504,"z":0.289661705493927,"w":0.33733806014060976},"size":244.4447021484375,"orthographic":false}