{"cameraMode":{"drawMode":0,"name":"Shaded","section":"Shading Mode"},"sceneLighting":false,"audioPlay":false,"sceneViewState":{"showFog":true,"showMaterialUpdate":true,"showSkybox":true,"showFlares":true,"showImageEffects":true,"showParticleSystems":true},"in2DMode":false,"pivot":{"x":-11.569278717041016,"y":-5.660983085632324,"z":-10.100101470947266},"rotation":{"x":-0.10323697328567505,"y":0.8801795840263367,"z":-0.22409969568252564,"w":-0.40548011660575869},"size":39.58498764038086,"orthographic":false}