{"cameraMode":{"drawMode":0,"name":"Shaded","section":"Shading Mode"},"sceneLighting":true,"audioPlay":false,"sceneViewState":{"showFog":false,"showMaterialUpdate":false,"showSkybox":false,"showFlares":false,"showImageEffects":false,"showParticleSystems":false},"in2DMode":false,"pivot":{"x":-15.687601089477539,"y":-10.775981903076172,"z":-1.3619842529296876},"rotation":{"x":0.1733441948890686,"y":-0.744900107383728,"z":0.21215024590492249,"w":0.6084004640579224},"size":77.2656021118164,"orthographic":false}