{"cameraMode":{"drawMode":0,"name":"Shaded","section":"Shading Mode"},"sceneLighting":true,"audioPlay":false,"sceneViewState":{"showFog":false,"showMaterialUpdate":false,"showSkybox":false,"showFlares":false,"showImageEffects":false,"showParticleSystems":false},"in2DMode":false,"pivot":{"x":-3.251692771911621,"y":10.997950553894043,"z":-5.090000152587891},"rotation":{"x":-0.0004488875565584749,"y":0.9994467496871948,"z":-0.014992776326835156,"w":-0.02999192476272583},"size":23.570701599121095,"orthographic":false}