{"cameraMode":{"drawMode":0,"name":"Shaded","section":"Shading Mode"},"sceneLighting":false,"audioPlay":false,"sceneViewState":{"showFog":false,"showMaterialUpdate":false,"showSkybox":false,"showFlares":false,"showImageEffects":false,"showParticleSystems":false},"in2DMode":false,"pivot":{"x":-10.672046661376954,"y":-21.043909072875978,"z":8.614420890808106},"rotation":{"x":0.43457141518592837,"y":-0.34558340907096865,"z":0.18522515892982484,"w":0.8108330965042114},"size":47.63518142700195,"orthographic":false}