{"cameraMode":{"drawMode":0,"name":"Shaded","section":"Shading Mode"},"sceneLighting":true,"audioPlay":false,"sceneViewState":{"showFog":false,"showMaterialUpdate":false,"showSkybox":false,"showFlares":false,"showImageEffects":false,"showParticleSystems":false},"in2DMode":false,"pivot":{"x":-6.54494571685791,"y":6.072649002075195,"z":-2.421253204345703},"rotation":{"x":0.31376326084136965,"y":-0.24541838467121125,"z":0.08430825918912888,"w":0.913353443145752},"size":37.74410629272461,"orthographic":false}