{"cameraMode":{"drawMode":0,"name":"Shaded","section":"Shading Mode"},"sceneLighting":false,"audioPlay":false,"sceneViewState":{"showFog":true,"showMaterialUpdate":true,"showSkybox":true,"showFlares":true,"showImageEffects":true,"showParticleSystems":true},"in2DMode":false,"pivot":{"x":-27.731002807617189,"y":11.851364135742188,"z":32.63531494140625},"rotation":{"x":-0.18322594463825227,"y":0.808355987071991,"z":-0.3255056142807007,"w":-0.4550306499004364},"size":221.45046997070313,"orthographic":false}