{"cameraMode":{"drawMode":0,"name":"Shaded","section":"Shading Mode"},"sceneLighting":true,"audioPlay":false,"sceneViewState":{"showFog":false,"showMaterialUpdate":false,"showSkybox":false,"showFlares":false,"showImageEffects":false,"showParticleSystems":false},"in2DMode":false,"pivot":{"x":148.09042358398438,"y":245.918212890625,"z":-45.6519775390625},"rotation":{"x":0.07783912867307663,"y":0.5808730721473694,"z":-0.05593644827604294,"w":0.8083361387252808},"size":690.3753662109375,"orthographic":false}