{"cameraMode":{"drawMode":0,"name":"Shaded","section":"Shading Mode"},"sceneLighting":false,"audioPlay":false,"sceneViewState":{"showFog":false,"showMaterialUpdate":false,"showSkybox":false,"showFlares":false,"showImageEffects":false,"showParticleSystems":false},"in2DMode":false,"pivot":{"x":-10.44476318359375,"y":4.5269317626953129,"z":-24.30535888671875},"rotation":{"x":0.09367896616458893,"y":-0.9020761251449585,"z":0.24820126593112946,"w":0.34047022461891177},"size":320.1380310058594,"orthographic":false}