{"cameraMode":{"drawMode":0,"name":"Shaded","section":"Shading Mode"},"sceneLighting":false,"audioPlay":false,"sceneViewState":{"showFog":true,"showMaterialUpdate":true,"showSkybox":true,"showFlares":true,"showImageEffects":true,"showParticleSystems":true},"in2DMode":false,"pivot":{"x":-28.193954467773439,"y":6.621490478515625,"z":39.599037170410159},"rotation":{"x":-0.13371796905994416,"y":0.7243125438690186,"z":-0.14668183028697968,"w":-0.6602988243103027},"size":421.6754455566406,"orthographic":false}