{"cameraMode":{"drawMode":0,"name":"Shaded","section":"Shading Mode"},"sceneLighting":false,"audioPlay":false,"sceneViewState":{"showFog":true,"showMaterialUpdate":true,"showSkybox":true,"showFlares":true,"showImageEffects":true,"showParticleSystems":true},"in2DMode":false,"pivot":{"x":-27.731002807617189,"y":11.851364135742188,"z":32.63531494140625},"rotation":{"x":-0.1327466517686844,"y":0.8373040556907654,"z":-0.2333633303642273,"w":-0.4762994050979614},"size":221.45046997070313,"orthographic":false}