{"cameraMode":{"drawMode":0,"name":"Shaded","section":"Shading Mode"},"sceneLighting":true,"audioPlay":false,"sceneViewState":{"showFog":false,"showMaterialUpdate":false,"showSkybox":false,"showFlares":false,"showImageEffects":false,"showParticleSystems":false},"in2DMode":false,"pivot":{"x":-2.2592859268188478,"y":7.079697608947754,"z":-2.159557342529297},"rotation":{"x":0.09044994413852692,"y":-0.8935012221336365,"z":0.20873624086380006,"w":0.3871736526489258},"size":25.42693519592285,"orthographic":false}